doctor_id,doctor_name,specialization,hospital,city,state
1,George Reyes,Cardiologist,Owens PLC Hospital,Bangalore,Karnataka
2,James Wilson,General Physician,Wilson Inc Hospital,Mumbai,Maharashtra
3,Robert Mcdonald,General Physician,Walker Ltd Hospital,Bangalore,Karnataka
4,Haley Wang,Diabetologist,Cantu PLC Hospital,Pune,Maharashtra
5,Christine Rhodes,Dermatologist,"Richardson, Tucker and Hughes Hospital",Delhi,Delhi
6,Katie Jimenez,Cardiologist,Molina-Wilson Hospital,Mumbai,Maharashtra
7,Terri Price,Neurologist,Salazar Inc Hospital,Bangalore,Karnataka
8,Christopher Freeman,Gynecologist,"Davis, Moreno and Berg Hospital",Bangalore,Karnataka
9,April Gates,Cardiologist,Pham Group Hospital,Mumbai,Maharashtra
10,Nathan Schmidt,Neurologist,"Reynolds, Parker and Harrison Hospital",Hyderabad,Telangana
11,Kathryn Monroe,Diabetologist,"Davis, Bonilla and Harris Hospital",Hyderabad,Telangana
12,Cassie Wells,Cardiologist,Bonilla-Padilla Hospital,Pune,Maharashtra
13,Kristina Russell,Cardiologist,Smith Group Hospital,Bangalore,Karnataka
14,Sarah Williams,Diabetologist,Ross Inc Hospital,Pune,Maharashtra
15,Jeffrey Marshall,Cardiologist,Lewis-Davis Hospital,Hyderabad,Telangana
16,James Harris DDS,Diabetologist,Howard Ltd Hospital,Bangalore,Karnataka
17,Tina Martinez,Neurologist,Acosta Ltd Hospital,Chennai,Tamil Nadu
18,Stephen Robbins,Gynecologist,Myers and Sons Hospital,Hyderabad,Telangana
19,Kathryn Rodriguez,Orthopedic,House-Reynolds Hospital,Hyderabad,Telangana
20,Dr. Edward Joyce,Cardiologist,Taylor-Hill Hospital,Chennai,Tamil Nadu
21,Thomas Taylor,Cardiologist,Cross PLC Hospital,Chennai,Tamil Nadu
22,Patrick Robinson,General Physician,Ray PLC Hospital,Hyderabad,Telangana
23,Christina Short,Gynecologist,"Nash, Lyons and White Hospital",Mumbai,Maharashtra
24,Ashley Schwartz,Orthopedic,Olson-Wiley Hospital,Delhi,Delhi
25,Timothy Baker,General Physician,Porter-Flores Hospital,Hyderabad,Telangana
26,Katherine Sawyer,General Physician,Bishop Group Hospital,Bangalore,Karnataka
27,Angela Lester,Gynecologist,Lewis-Stanton Hospital,Mumbai,Maharashtra
28,Miss Jessica Webb DVM,Neurologist,Welch Ltd Hospital,Hyderabad,Telangana
29,Isaiah Martinez,Orthopedic,"Frye, Hanson and Perez Hospital",Mumbai,Maharashtra
30,Robert Rios,Cardiologist,Flowers-Moore Hospital,Bangalore,Karnataka
31,Melissa Rodriguez,Neurologist,"Snyder, Lee and Walker Hospital",Delhi,Delhi
32,Julie Briggs,Gynecologist,"Jackson, Townsend and Rose Hospital",Delhi,Delhi
33,Ellen Dennis,Diabetologist,Wilson Inc Hospital,Mumbai,Maharashtra
34,Chad Crosby,Diabetologist,Barrett-Gibson Hospital,Mumbai,Maharashtra
35,Alexandra Davis,Diabetologist,"Hutchinson, Christensen and Hall Hospital",Bangalore,Karnataka
36,Sandra Walter,Neurologist,Hall and Sons Hospital,Delhi,Delhi
37,Cassandra Neal,Dermatologist,"Smith, Burton and Nelson Hospital",Delhi,Delhi
38,Jason Hood,Orthopedic,Williams LLC Hospital,Mumbai,Maharashtra
39,Douglas Campbell,Cardiologist,Bishop-Smith Hospital,Hyderabad,Telangana
40,Kenneth Wolfe,General Physician,White Ltd Hospital,Pune,Maharashtra
41,Nicole Crawford,Diabetologist,Salinas Inc Hospital,Pune,Maharashtra
42,Amber Graham,Dermatologist,"Sawyer, Cobb and Davenport Hospital",Pune,Maharashtra
43,Erik Arellano,Diabetologist,"Roberts, Robinson and Reed Hospital",Mumbai,Maharashtra
44,Alexander Farley,General Physician,Payne-Ramos Hospital,Bangalore,Karnataka
45,Shelly Robertson,Diabetologist,Rogers-Wood Hospital,Delhi,Delhi
46,Michele Gomez,Orthopedic,"Ortega, Edwards and Sims Hospital",Mumbai,Maharashtra
47,Richard Soto,Gynecologist,"Johnson, Jones and Salinas Hospital",Hyderabad,Telangana
48,Seth Green,Dermatologist,Wilkinson Group Hospital,Chennai,Tamil Nadu
49,Tracy Barrett DVM,Orthopedic,May-Miller Hospital,Bangalore,Karnataka
50,Mark Griffin,Diabetologist,Smith PLC Hospital,Hyderabad,Telangana
51,Mark Hoffman,Cardiologist,"Rice, Bennett and Murray Hospital",Hyderabad,Telangana
52,Adam Osborne,General Physician,"Taylor, Stephens and Ferrell Hospital",Mumbai,Maharashtra
53,Paula Charles,Cardiologist,Newman and Sons Hospital,Chennai,Tamil Nadu
54,Shannon Becker,Orthopedic,"Lewis, Ross and Quinn Hospital",Pune,Maharashtra
55,Lauren Guzman,General Physician,Miller-Nguyen Hospital,Mumbai,Maharashtra
56,Donald Lane,Gynecologist,Duran Ltd Hospital,Pune,Maharashtra
57,Roger Mccall,Gynecologist,Cox Inc Hospital,Mumbai,Maharashtra
58,Joan Blackburn,Orthopedic,Miller and Sons Hospital,Chennai,Tamil Nadu
59,Richard Lopez,Diabetologist,Smith-Stanley Hospital,Chennai,Tamil Nadu
60,Elizabeth Sparks,Diabetologist,Neal Ltd Hospital,Chennai,Tamil Nadu
61,John Reyes,Orthopedic,Gross-Nelson Hospital,Delhi,Delhi
62,Jeff Morris,Neurologist,"Mejia, Robinson and Fernandez Hospital",Chennai,Tamil Nadu
63,Julie Alvarez,Gynecologist,Dixon Ltd Hospital,Pune,Maharashtra
64,Christopher Mcneil,Neurologist,"Burke, Hall and Allen Hospital",Pune,Maharashtra
65,Donald Gordon,Cardiologist,Perez and Sons Hospital,Chennai,Tamil Nadu
66,Phyllis Cortez,Dermatologist,Bridges-Smith Hospital,Mumbai,Maharashtra
67,Stephen Proctor,Gynecologist,Brown PLC Hospital,Hyderabad,Telangana
68,Michelle Wilson,Neurologist,Martinez-Bowman Hospital,Bangalore,Karnataka
69,Olivia Johnson,Diabetologist,Schmidt-Richardson Hospital,Pune,Maharashtra
70,Heather Ruiz,Gynecologist,Medina-Morris Hospital,Mumbai,Maharashtra
71,Nicole Mckinney,Cardiologist,Hamilton Ltd Hospital,Chennai,Tamil Nadu
72,Jose Holmes,Orthopedic,"Gilmore, Stewart and Anderson Hospital",Hyderabad,Telangana
73,Kelsey Davis,Orthopedic,"Williams, Salinas and Ruiz Hospital",Bangalore,Karnataka
74,Jon Marks,Gynecologist,Harrison-Garcia Hospital,Chennai,Tamil Nadu
75,Bryan Perry,Dermatologist,Jordan and Sons Hospital,Pune,Maharashtra
76,Dr. Christopher Brooks II,General Physician,"Gutierrez, Cook and Hood Hospital",Hyderabad,Telangana
77,Gary Carr,Gynecologist,Jones Ltd Hospital,Mumbai,Maharashtra
78,Melissa Crosby,Diabetologist,Barr Ltd Hospital,Bangalore,Karnataka
79,Brian Hoffman,Diabetologist,Flores and Sons Hospital,Chennai,Tamil Nadu
80,Phyllis Vazquez,Cardiologist,Jones Group Hospital,Mumbai,Maharashtra
81,Shelley Lopez,Neurologist,Lee-Booker Hospital,Chennai,Tamil Nadu
82,Jason Benjamin,Diabetologist,Aguilar-Nelson Hospital,Chennai,Tamil Nadu
83,Felicia Burns,General Physician,"Davis, Prince and Rhodes Hospital",Pune,Maharashtra
84,Molly Stone,Cardiologist,"Woods, Dennis and Moore Hospital",Hyderabad,Telangana
85,Joseph Williams,Dermatologist,"Johnson, Miller and Petersen Hospital",Delhi,Delhi
86,Karen Ramirez,Orthopedic,"Hicks, Kelly and Nash Hospital",Chennai,Tamil Nadu
87,Andrew Smith,Cardiologist,Boyd Inc Hospital,Delhi,Delhi
88,Andrew Miller,Diabetologist,Carter Inc Hospital,Mumbai,Maharashtra
89,Timothy Nguyen,Gynecologist,Davis Ltd Hospital,Delhi,Delhi
90,Matthew Wilson,Dermatologist,Foster-Murillo Hospital,Hyderabad,Telangana
91,Ronald Williams,Neurologist,Thompson Ltd Hospital,Mumbai,Maharashtra
92,Ernest Gonzalez,Neurologist,Horne-Phillips Hospital,Hyderabad,Telangana
93,Charlotte Sweeney,Neurologist,Ferguson LLC Hospital,Pune,Maharashtra
94,Steven Martinez,Cardiologist,Stevens-Parker Hospital,Chennai,Tamil Nadu
95,Caleb Walker,Diabetologist,Duncan-Harris Hospital,Bangalore,Karnataka
96,John Dickerson,Cardiologist,"Soto, Butler and Singh Hospital",Bangalore,Karnataka
97,Robert Hughes,Gynecologist,Henderson and Sons Hospital,Pune,Maharashtra
98,John Sharp,Diabetologist,"Sandoval, Nash and Sanchez Hospital",Pune,Maharashtra
99,Sandra Williams,Orthopedic,Clark-Castillo Hospital,Chennai,Tamil Nadu
100,Michele Collins,General Physician,Ayala and Sons Hospital,Chennai,Tamil Nadu
101,John Miles,Diabetologist,Butler-Ho Hospital,Bangalore,Karnataka
102,Dr. Randall Allen III,Dermatologist,"Ramirez, Duran and Hinton Hospital",Bangalore,Karnataka
103,Tracy Hoover,Cardiologist,Powell-Lee Hospital,Mumbai,Maharashtra
104,Mr. David Burnett,Neurologist,Mayer Ltd Hospital,Pune,Maharashtra
105,Dr. Jason Barrett PhD,Cardiologist,"Wiggins, Thomas and Jackson Hospital",Bangalore,Karnataka
106,Angela Santos,Cardiologist,Patrick LLC Hospital,Bangalore,Karnataka
107,Stephanie Hardin,Orthopedic,Smith Inc Hospital,Delhi,Delhi
108,Michael Brown,Cardiologist,"Trevino, Turner and Davis Hospital",Hyderabad,Telangana
109,Christine Hudson,Orthopedic,"Taylor, Bernard and Gilmore Hospital",Mumbai,Maharashtra
110,Michelle Wall,Diabetologist,Smith Group Hospital,Delhi,Delhi
111,Spencer Lee,Diabetologist,"Dominguez, Mata and Black Hospital",Mumbai,Maharashtra
112,Robert Morales,Cardiologist,Hill Inc Hospital,Bangalore,Karnataka
113,Isaac Gibson,Neurologist,"Bradshaw, Raymond and Wilcox Hospital",Mumbai,Maharashtra
114,Lori Clarke,Gynecologist,Nelson Inc Hospital,Bangalore,Karnataka
115,Shawn Jones PhD,Gynecologist,Cooper-Reeves Hospital,Hyderabad,Telangana
116,Sue Franco DDS,Orthopedic,"Lozano, Gilbert and Murray Hospital",Chennai,Tamil Nadu
117,Nicholas Adams,Neurologist,Craig PLC Hospital,Hyderabad,Telangana
118,Miranda Webb,Neurologist,"Willis, Simmons and Carlson Hospital",Hyderabad,Telangana
119,Jennifer Pineda,Gynecologist,"Le, Davis and Hensley Hospital",Mumbai,Maharashtra
120,Jo Garrett,General Physician,Morgan-Martin Hospital,Delhi,Delhi
121,Douglas Norris,Neurologist,Williams-Hines Hospital,Hyderabad,Telangana
122,Gregory Mills,Orthopedic,"Alvarez, Hill and Carter Hospital",Bangalore,Karnataka
123,Jennifer Huang,Gynecologist,Williams-Rodriguez Hospital,Delhi,Delhi
124,Clinton Kent,Dermatologist,Cooper-Valentine Hospital,Mumbai,Maharashtra
125,Marcus Turner,Orthopedic,Ryan and Sons Hospital,Pune,Maharashtra
126,Kenneth Reed,Orthopedic,Medina PLC Hospital,Pune,Maharashtra
127,Gary Bush,Diabetologist,Keith Inc Hospital,Delhi,Delhi
128,Kenneth Wise,Cardiologist,Cole-Black Hospital,Delhi,Delhi
129,Janet Baker,Cardiologist,Gamble Inc Hospital,Mumbai,Maharashtra
130,Fred Collins,Dermatologist,"Fitzpatrick, Potter and Hendrix Hospital",Chennai,Tamil Nadu
131,Sean Martinez,Neurologist,Willis Group Hospital,Pune,Maharashtra
132,Nicole Matthews,Dermatologist,Hickman-Baker Hospital,Mumbai,Maharashtra
133,Travis Hill,Cardiologist,Lee Ltd Hospital,Hyderabad,Telangana
134,James Moore,Gynecologist,Wilson-Boyd Hospital,Hyderabad,Telangana
135,Kimberly Le,Diabetologist,Burgess Ltd Hospital,Hyderabad,Telangana
136,Alex Anderson,Diabetologist,Johnson LLC Hospital,Chennai,Tamil Nadu
137,Gina Christensen,General Physician,Washington-Johnson Hospital,Chennai,Tamil Nadu
138,Melissa Nielsen,Orthopedic,"Williams, Holden and Zimmerman Hospital",Hyderabad,Telangana
139,Edward Carter,Dermatologist,Jimenez-Rogers Hospital,Bangalore,Karnataka
140,James Holt,Neurologist,"Fowler, Carlson and Vazquez Hospital",Hyderabad,Telangana
141,Jose Craig,General Physician,Gross-George Hospital,Pune,Maharashtra
142,Gloria Rodriguez,Gynecologist,"Hurst, Conner and Welch Hospital",Pune,Maharashtra
143,Michael Abbott,General Physician,Pham PLC Hospital,Chennai,Tamil Nadu
144,Nicole Vargas,Dermatologist,Miller-Davis Hospital,Bangalore,Karnataka
145,John Curtis,Orthopedic,Wilson-Cole Hospital,Hyderabad,Telangana
146,Christopher Savage,Dermatologist,"Ward, Gill and Barr Hospital",Hyderabad,Telangana
147,Derek Lopez,Diabetologist,Roberts Group Hospital,Bangalore,Karnataka
148,Adam Mcdonald,General Physician,"Herrera, Smith and Hernandez Hospital",Chennai,Tamil Nadu
149,Ronald Sandoval,Gynecologist,Gonzales-Smith Hospital,Pune,Maharashtra
150,Allison Mullen,Cardiologist,"Perry, Smith and Wright Hospital",Bangalore,Karnataka
151,Cory Meyer,Cardiologist,Morrison Group Hospital,Delhi,Delhi
152,Craig Hughes,Neurologist,Ward and Sons Hospital,Mumbai,Maharashtra
153,Regina Pratt,Dermatologist,Cruz-Black Hospital,Chennai,Tamil Nadu
154,Timothy Ramirez,Orthopedic,Wallace Ltd Hospital,Delhi,Delhi
155,Anthony Jackson,Diabetologist,Wright-Martin Hospital,Delhi,Delhi
156,Margaret Robinson,Diabetologist,Jones PLC Hospital,Bangalore,Karnataka
157,Kevin Figueroa,Cardiologist,"Price, Jenkins and Ramirez Hospital",Chennai,Tamil Nadu
158,Patrick Herrera,Dermatologist,"Gibson, Mccoy and Smith Hospital",Mumbai,Maharashtra
159,Lisa Burgess,Cardiologist,"Golden, Flores and Blake Hospital",Chennai,Tamil Nadu
160,Jeffrey Chandler,Diabetologist,Adams Inc Hospital,Chennai,Tamil Nadu
161,Robert Sheppard,Orthopedic,Vaughn and Sons Hospital,Hyderabad,Telangana
162,Alexander Walker,Neurologist,"Sanchez, Crawford and Perez Hospital",Pune,Maharashtra
163,Mathew Aguilar,Neurologist,Thompson-Barnes Hospital,Hyderabad,Telangana
164,Ashlee Hunt,Dermatologist,Hunt Inc Hospital,Bangalore,Karnataka
165,Brian King,Gynecologist,Munoz-Mata Hospital,Pune,Maharashtra
166,Martin Flynn,Orthopedic,Krueger-Conway Hospital,Hyderabad,Telangana
167,Matthew Khan,Diabetologist,"Jackson, Schwartz and James Hospital",Pune,Maharashtra
168,Rachael Williamson,Cardiologist,Bates-Rodriguez Hospital,Pune,Maharashtra
169,Adrienne Bullock,Neurologist,"Gordon, Baker and King Hospital",Delhi,Delhi
170,Christopher Gonzales,Neurologist,Harper-Harper Hospital,Hyderabad,Telangana
171,Gregory Cooper,General Physician,Mathis-Dixon Hospital,Mumbai,Maharashtra
172,Denise Moore,Cardiologist,"Bauer, Stout and Mccarthy Hospital",Chennai,Tamil Nadu
173,Lawrence Brown,General Physician,Patel-Whitehead Hospital,Bangalore,Karnataka
174,Amy Williams,General Physician,Ramirez Ltd Hospital,Chennai,Tamil Nadu
175,Brian Jefferson,Dermatologist,Johnson LLC Hospital,Bangalore,Karnataka
176,Leslie Alvarez,Neurologist,"Johnson, Collins and Chang Hospital",Chennai,Tamil Nadu
177,John Rodriguez,Diabetologist,Walton-Lopez Hospital,Hyderabad,Telangana
178,Robert Castaneda,Orthopedic,Gonzalez-Schultz Hospital,Pune,Maharashtra
179,Gary Cole,Dermatologist,"Greene, Flores and Johnson Hospital",Hyderabad,Telangana
180,John Leach,Diabetologist,Patterson-Alvarado Hospital,Bangalore,Karnataka
181,Mr. Corey Perkins PhD,Cardiologist,"Stewart, Peterson and Johnson Hospital",Mumbai,Maharashtra
182,Danny Garcia,Gynecologist,Mcconnell Ltd Hospital,Mumbai,Maharashtra
183,Lisa Martinez,Neurologist,Espinoza and Sons Hospital,Delhi,Delhi
184,Samuel Lee,General Physician,"Hayes, Lloyd and Lewis Hospital",Bangalore,Karnataka
185,Katherine Leblanc,Dermatologist,Edwards-Chapman Hospital,Delhi,Delhi
186,Mallory Ferrell DVM,Gynecologist,Smith Group Hospital,Delhi,Delhi
187,Jason Baker,Dermatologist,Graham-Larson Hospital,Hyderabad,Telangana
188,Michael Smith,Orthopedic,Thomas Inc Hospital,Delhi,Delhi
189,Karen Garcia,Diabetologist,"Chandler, Jones and Thompson Hospital",Pune,Maharashtra
190,Steven Reyes,Diabetologist,"Parks, Ramirez and Vance Hospital",Pune,Maharashtra
191,Karen Stark,Gynecologist,Simmons Group Hospital,Delhi,Delhi
192,Tanya Ruiz,Cardiologist,"Mills, Jennings and Moore Hospital",Pune,Maharashtra
193,Brent Jones,Cardiologist,"Smith, Davis and Powers Hospital",Delhi,Delhi
194,Julia Walters,Diabetologist,Martinez LLC Hospital,Hyderabad,Telangana
195,Brenda Jacobs,Diabetologist,Patton-Brown Hospital,Chennai,Tamil Nadu
196,Jaime Williams,Cardiologist,"Knight, Obrien and Lucas Hospital",Bangalore,Karnataka
197,Heather Dunn,Neurologist,"Dillon, Fitzgerald and Johnson Hospital",Chennai,Tamil Nadu
198,James Gonzalez,Neurologist,King Inc Hospital,Bangalore,Karnataka
199,John Nelson,Neurologist,Ali-Martin Hospital,Pune,Maharashtra
200,Kyle Sims,Gynecologist,"Nelson, Martin and Hodges Hospital",Chennai,Tamil Nadu
201,Colin Brown,Gynecologist,Taylor-Zuniga Hospital,Chennai,Tamil Nadu
202,Nicholas Young,Neurologist,Ramirez-Lane Hospital,Chennai,Tamil Nadu
203,Linda Allen,Neurologist,"Briggs, Roberts and Cooper Hospital",Bangalore,Karnataka
204,Robert Butler,Dermatologist,"Harmon, Duncan and Johnson Hospital",Chennai,Tamil Nadu
205,Jennifer Smith,General Physician,"Ramos, Jefferson and Montgomery Hospital",Delhi,Delhi
206,Daniel Coleman,Orthopedic,Gonzales and Sons Hospital,Mumbai,Maharashtra
207,Joseph Norton,Orthopedic,Thomas and Sons Hospital,Chennai,Tamil Nadu
208,Robert Bailey,Cardiologist,Randolph-Webb Hospital,Chennai,Tamil Nadu
209,Michael Gomez,Neurologist,"Thompson, Williams and Leblanc Hospital",Pune,Maharashtra
210,Melissa Fisher,Cardiologist,Guzman-Hickman Hospital,Delhi,Delhi
211,Tom Ferguson,Dermatologist,Simpson-Stevens Hospital,Chennai,Tamil Nadu
212,Priscilla Baird,Dermatologist,"Mccormick, Jones and Wright Hospital",Pune,Maharashtra
213,Troy Garcia,General Physician,Harris and Sons Hospital,Delhi,Delhi
214,Tyler Porter,Gynecologist,"Torres, Hartman and Cline Hospital",Bangalore,Karnataka
215,Justin Thompson,Dermatologist,"Potter, Nichols and James Hospital",Chennai,Tamil Nadu
216,Susan Adams,Gynecologist,Mason LLC Hospital,Mumbai,Maharashtra
217,Jason Blake,Neurologist,Walker-Norman Hospital,Bangalore,Karnataka
218,Heidi Moore,General Physician,Pearson Ltd Hospital,Pune,Maharashtra
219,Nicholas Serrano,Neurologist,Gross-Nichols Hospital,Mumbai,Maharashtra
220,Ashley Mejia,Gynecologist,Richards-Morgan Hospital,Hyderabad,Telangana
221,Jeffery Bennett,Diabetologist,Williams Inc Hospital,Chennai,Tamil Nadu
222,Devon Castillo,Diabetologist,"Mendez, Campbell and Reeves Hospital",Delhi,Delhi
223,Anthony Lee,Orthopedic,Rubio PLC Hospital,Bangalore,Karnataka
224,Anna Kirk,Cardiologist,Lewis-Bond Hospital,Delhi,Delhi
225,Kenneth Lara,Gynecologist,"Morris, Duncan and Lane Hospital",Bangalore,Karnataka
226,Lindsay Mcneil,Neurologist,Lindsey-Carlson Hospital,Chennai,Tamil Nadu
227,Jimmy Owens,Gynecologist,Brown-Joseph Hospital,Chennai,Tamil Nadu
228,Sarah Williams,Neurologist,Johnston-Gordon Hospital,Mumbai,Maharashtra
229,Jennifer Shaw,Cardiologist,Miller-Burgess Hospital,Bangalore,Karnataka
230,Ashley Johnson,Gynecologist,Horton-Roth Hospital,Hyderabad,Telangana
231,Thomas May,Diabetologist,Dixon and Sons Hospital,Pune,Maharashtra
232,Jessica Mullins,Dermatologist,Reynolds-Miller Hospital,Pune,Maharashtra
233,Marcus Davis,Orthopedic,Pearson-Brown Hospital,Hyderabad,Telangana
234,Natalie Miller,Cardiologist,Mejia-Gray Hospital,Chennai,Tamil Nadu
235,Carolyn White,General Physician,"Pena, Simon and Brown Hospital",Delhi,Delhi
236,Mark Mayer,Gynecologist,Smith-Trevino Hospital,Mumbai,Maharashtra
237,Stephen Stokes,Orthopedic,Hodges-Turner Hospital,Mumbai,Maharashtra
238,Dana Donaldson,Gynecologist,Price Inc Hospital,Delhi,Delhi
239,Cynthia Rodgers,Dermatologist,"Williams, Thomas and Bell Hospital",Mumbai,Maharashtra
240,Richard Jones,Neurologist,Price Ltd Hospital,Mumbai,Maharashtra
241,Tyler Smith,Orthopedic,"Munoz, Nichols and Williams Hospital",Bangalore,Karnataka
242,Corey Dixon,General Physician,Bishop-Rios Hospital,Pune,Maharashtra
243,Amanda Wilson,Orthopedic,Wilson and Sons Hospital,Mumbai,Maharashtra
244,Nicholas Parker,Dermatologist,Wilcox-James Hospital,Mumbai,Maharashtra
245,Brittany Rios,Neurologist,Schmidt-Kirk Hospital,Pune,Maharashtra
246,Amanda Peters,Cardiologist,"Clark, Montgomery and Weaver Hospital",Pune,Maharashtra
247,Dr. Ashley Smith,Gynecologist,"Torres, Barnett and Weiss Hospital",Chennai,Tamil Nadu
248,Dawn Nixon,Diabetologist,"Davidson, Hall and Russell Hospital",Mumbai,Maharashtra
249,Randall Gomez,General Physician,Potts-Brown Hospital,Hyderabad,Telangana
250,Donna Ellis,Neurologist,"Allen, Mccann and Campbell Hospital",Delhi,Delhi
251,Lisa Richardson,Dermatologist,Velasquez-Armstrong Hospital,Chennai,Tamil Nadu
252,Charles Farmer,Cardiologist,Smith Ltd Hospital,Bangalore,Karnataka
253,Timothy Morgan,Gynecologist,"Payne, Baldwin and Johnson Hospital",Hyderabad,Telangana
254,Heather Hall,Orthopedic,Garcia-Haney Hospital,Mumbai,Maharashtra
255,Melanie Stanley,Gynecologist,"Brown, Reed and Boone Hospital",Bangalore,Karnataka
256,Emily Carlson,Orthopedic,Butler-Strong Hospital,Hyderabad,Telangana
257,Lindsey Lawrence,General Physician,Cohen and Sons Hospital,Delhi,Delhi
258,Stephanie Howard,General Physician,"Haley, Peterson and Weaver Hospital",Chennai,Tamil Nadu
259,Melissa Sullivan,Gynecologist,Butler and Sons Hospital,Bangalore,Karnataka
260,Anna Stout,Neurologist,Dillon Group Hospital,Delhi,Delhi
261,Ann Patterson,Gynecologist,Simmons and Sons Hospital,Chennai,Tamil Nadu
262,Theresa Flores,Dermatologist,Simmons-Greer Hospital,Delhi,Delhi
263,George Walker,Gynecologist,Murray Group Hospital,Bangalore,Karnataka
264,Rebecca Williams,Diabetologist,Perkins-Harris Hospital,Mumbai,Maharashtra
265,Hannah Garza,Cardiologist,"Bell, Cook and Cox Hospital",Chennai,Tamil Nadu
266,Shannon Baker,General Physician,Snyder Ltd Hospital,Bangalore,Karnataka
267,Jessica Wilson MD,Diabetologist,West and Sons Hospital,Chennai,Tamil Nadu
268,Nicholas Leonard,Orthopedic,Coleman and Sons Hospital,Pune,Maharashtra
269,Christopher Gill,General Physician,Burton-Nguyen Hospital,Chennai,Tamil Nadu
270,Virginia Rogers,Neurologist,Hood-Diaz Hospital,Pune,Maharashtra
271,Mr. James Brown MD,Gynecologist,Jackson-Bentley Hospital,Delhi,Delhi
272,Kathryn Navarro,Neurologist,"Butler, Carter and Delacruz Hospital",Hyderabad,Telangana
273,Timothy Wheeler,General Physician,Bell LLC Hospital,Mumbai,Maharashtra
274,Jeffrey Baker,Gynecologist,"Mccoy, Brown and Jackson Hospital",Chennai,Tamil Nadu
275,Steven Horton,General Physician,Sparks-Williams Hospital,Mumbai,Maharashtra
276,Emily Carter,General Physician,"Wright, Johnson and Johnson Hospital",Chennai,Tamil Nadu
277,Ryan Carter,Gynecologist,Williams-Zimmerman Hospital,Delhi,Delhi
278,Frank Brown,Cardiologist,Martin Ltd Hospital,Hyderabad,Telangana
279,Barbara Mcintyre,Dermatologist,"Murphy, Johnson and Whitehead Hospital",Pune,Maharashtra
280,Jason Knox,Cardiologist,"Roberts, Hale and Ho Hospital",Bangalore,Karnataka
281,Michael Fernandez,Gynecologist,Andrews Ltd Hospital,Pune,Maharashtra
282,Brittany Green,Neurologist,"Cruz, Gomez and Riley Hospital",Mumbai,Maharashtra
283,William Porter Jr.,Gynecologist,Larson-Oconnor Hospital,Pune,Maharashtra
284,Amy Kelly,Gynecologist,"Torres, Wilcox and Prince Hospital",Bangalore,Karnataka
285,Kathryn Martin,Cardiologist,Kemp-Long Hospital,Pune,Maharashtra
286,Samantha Sosa,Neurologist,"Zavala, Knox and Powell Hospital",Pune,Maharashtra
287,Lucas Reynolds,Orthopedic,"Davis, Hayes and Hanson Hospital",Chennai,Tamil Nadu
288,Danielle Smith,Neurologist,Vega and Sons Hospital,Delhi,Delhi
289,Charles Ramirez,Orthopedic,Nguyen-Hopkins Hospital,Delhi,Delhi
290,Jason Caldwell,Cardiologist,Graham-Henderson Hospital,Delhi,Delhi
291,Kevin Reeves,Neurologist,Thompson-Parker Hospital,Delhi,Delhi
292,Allison Sims,Cardiologist,Mcgee and Sons Hospital,Mumbai,Maharashtra
293,Lauren Simon,Neurologist,Johnson Inc Hospital,Bangalore,Karnataka
294,Dennis Farrell,General Physician,Duncan-Thompson Hospital,Bangalore,Karnataka
295,Lisa Chandler,Orthopedic,Gray-Watkins Hospital,Delhi,Delhi
296,Amanda Collins,Neurologist,Evans Ltd Hospital,Chennai,Tamil Nadu
297,Veronica Hubbard,Gynecologist,Brown-Moore Hospital,Bangalore,Karnataka
298,Lisa Wilson,Neurologist,Bryant Inc Hospital,Chennai,Tamil Nadu
299,Kenneth Gonzalez,Cardiologist,Jackson and Sons Hospital,Delhi,Delhi
300,Martha English,Gynecologist,Mann-Davis Hospital,Hyderabad,Telangana
301,Julie Livingston,Orthopedic,Cummings Inc Hospital,Mumbai,Maharashtra
302,Frederick Kirk,Gynecologist,Cruz Group Hospital,Hyderabad,Telangana
303,Anthony Brown,Orthopedic,Holland-Rodriguez Hospital,Bangalore,Karnataka
304,Teresa Huff,Gynecologist,Skinner-Garcia Hospital,Delhi,Delhi
305,Faith Stone,Diabetologist,Simmons-Salinas Hospital,Bangalore,Karnataka
306,Kevin Newman,Gynecologist,"Melton, Hopkins and Walton Hospital",Pune,Maharashtra
307,David Randall,Orthopedic,Hughes and Sons Hospital,Hyderabad,Telangana
308,Rachel Mcgrath,Dermatologist,Fowler-Wallace Hospital,Chennai,Tamil Nadu
309,Joseph Kelly,Neurologist,Parker Group Hospital,Chennai,Tamil Nadu
310,Katrina Figueroa,General Physician,Johnson-Mcclure Hospital,Chennai,Tamil Nadu
311,Christopher Anderson,General Physician,Lee-Pruitt Hospital,Mumbai,Maharashtra
312,Ricky Francis,Orthopedic,Hudson-Howe Hospital,Mumbai,Maharashtra
313,Ronald Key,Dermatologist,Brown Group Hospital,Bangalore,Karnataka
314,David Smith,Cardiologist,Collier and Sons Hospital,Bangalore,Karnataka
315,Anthony Brown,Gynecologist,"Rosales, Stevens and Williams Hospital",Hyderabad,Telangana
316,Samantha Wheeler,Gynecologist,Patel-Bennett Hospital,Hyderabad,Telangana
317,Joshua Hawkins,General Physician,Jones PLC Hospital,Bangalore,Karnataka
318,Rachel Parsons,Gynecologist,"Young, Barajas and Quinn Hospital",Hyderabad,Telangana
319,Todd Miller,Orthopedic,Richards Ltd Hospital,Bangalore,Karnataka
320,Stacy Carson,Diabetologist,Davis Ltd Hospital,Mumbai,Maharashtra
321,Kevin Carson,Dermatologist,Hawkins-Vaughn Hospital,Pune,Maharashtra
322,Judy Maddox,Gynecologist,Turner-Daniel Hospital,Bangalore,Karnataka
323,April Fisher,Cardiologist,"Hendricks, Schroeder and Parsons Hospital",Hyderabad,Telangana
324,Lisa Oliver,Neurologist,Santiago-Gutierrez Hospital,Hyderabad,Telangana
325,Matthew Chapman,Gynecologist,Horton and Sons Hospital,Pune,Maharashtra
326,Carl Best,Gynecologist,Chavez-Johnson Hospital,Chennai,Tamil Nadu
327,Robert Weaver,Dermatologist,Terry and Sons Hospital,Chennai,Tamil Nadu
328,Matthew Kelly,Gynecologist,Bryan-Rogers Hospital,Bangalore,Karnataka
329,Cassandra Sanchez,Gynecologist,"Page, Patel and Howell Hospital",Bangalore,Karnataka
330,Monique Simpson,Diabetologist,Luna-Ellis Hospital,Chennai,Tamil Nadu
331,Thomas Lewis,General Physician,Hernandez-Williams Hospital,Hyderabad,Telangana
332,Julia Sullivan,Orthopedic,"Wright, Mueller and Smith Hospital",Bangalore,Karnataka
333,Travis Allen,Gynecologist,Stewart-Holland Hospital,Mumbai,Maharashtra
334,John Williams,Neurologist,Jacobs Group Hospital,Bangalore,Karnataka
335,Joshua Williams,Cardiologist,"Morris, Wang and Crawford Hospital",Bangalore,Karnataka
336,Matthew Hernandez,Cardiologist,"Bailey, Allen and Rodriguez Hospital",Bangalore,Karnataka
337,Emily Riggs,Neurologist,Jones-Armstrong Hospital,Bangalore,Karnataka
338,Melody Stewart,Gynecologist,Vance LLC Hospital,Mumbai,Maharashtra
339,Jodi Brown,Diabetologist,Garcia-Smith Hospital,Delhi,Delhi
340,Michelle Tate,General Physician,Freeman Group Hospital,Chennai,Tamil Nadu
341,Paul Martinez,Gynecologist,Anderson LLC Hospital,Mumbai,Maharashtra
342,Diana Blevins,General Physician,Baker Group Hospital,Pune,Maharashtra
343,Lawrence Romero,Dermatologist,"Sutton, Wright and Serrano Hospital",Chennai,Tamil Nadu
344,Daniel Knapp,General Physician,Simmons Group Hospital,Bangalore,Karnataka
345,Russell Williams,Dermatologist,Wong-Martin Hospital,Chennai,Tamil Nadu
346,Barbara Collins,General Physician,"Shaw, Gates and Marquez Hospital",Hyderabad,Telangana
347,Kyle Jones,General Physician,Edwards Ltd Hospital,Mumbai,Maharashtra
348,Janet Dyer,Orthopedic,Becker LLC Hospital,Delhi,Delhi
349,Tina Green,Neurologist,"White, Smith and Peterson Hospital",Chennai,Tamil Nadu
350,Cindy Brown,Cardiologist,Lee-Rodriguez Hospital,Delhi,Delhi
351,Alexis Powers,Gynecologist,Michael LLC Hospital,Delhi,Delhi
352,Michael Gordon,Dermatologist,Hudson-Barnes Hospital,Hyderabad,Telangana
353,Travis Young,Orthopedic,Green-Smith Hospital,Delhi,Delhi
354,Heidi Olson,Dermatologist,Harrison-Brown Hospital,Chennai,Tamil Nadu
355,Brittany Taylor,Cardiologist,Lloyd PLC Hospital,Bangalore,Karnataka
356,Bryan Harvey,Gynecologist,Shelton Group Hospital,Pune,Maharashtra
357,Dylan Allen,Gynecologist,"Hart, Foley and Goodman Hospital",Hyderabad,Telangana
358,Cory Hendrix,Gynecologist,"Molina, Stone and Holmes Hospital",Delhi,Delhi
359,Alexandra Griffin,Orthopedic,Stevens-Camacho Hospital,Bangalore,Karnataka
360,Dustin Larson,Diabetologist,Rogers LLC Hospital,Mumbai,Maharashtra
361,Michael Ortiz,Dermatologist,Elliott-Kidd Hospital,Mumbai,Maharashtra
362,Joshua Clark,Neurologist,"Klein, Holland and Johnson Hospital",Hyderabad,Telangana
363,Rebecca Pierce,Cardiologist,Ryan PLC Hospital,Hyderabad,Telangana
364,Amanda Delacruz,Orthopedic,Preston Group Hospital,Hyderabad,Telangana
365,Matthew Hicks,Cardiologist,Carroll PLC Hospital,Pune,Maharashtra
366,William Pace,Neurologist,King-Jones Hospital,Hyderabad,Telangana
367,Alicia Richardson,Orthopedic,Ortega-Johnson Hospital,Pune,Maharashtra
368,Jerry Jimenez,Cardiologist,"Hayden, Richardson and Pace Hospital",Mumbai,Maharashtra
369,Ronald Wall,Neurologist,Frederick-Rowe Hospital,Pune,Maharashtra
370,Michael Lee,Dermatologist,Cohen-Martinez Hospital,Chennai,Tamil Nadu
371,Michael Hood,Neurologist,"Garcia, Buchanan and Hernandez Hospital",Delhi,Delhi
372,Lauren Johnson,Neurologist,Mueller-Dean Hospital,Pune,Maharashtra
373,Keith Young,Orthopedic,Wright Ltd Hospital,Hyderabad,Telangana
374,Monica Bishop,Neurologist,Campbell Ltd Hospital,Hyderabad,Telangana
375,William Stewart,Dermatologist,"Villegas, Lee and Stewart Hospital",Chennai,Tamil Nadu
376,Bradley Ortiz,Dermatologist,Heath Inc Hospital,Bangalore,Karnataka
377,Melissa Kaufman,Gynecologist,"King, Foster and Guerrero Hospital",Hyderabad,Telangana
378,Ashley James,Diabetologist,Walker Inc Hospital,Bangalore,Karnataka
379,James Tran,Dermatologist,"Davis, Brown and Anderson Hospital",Mumbai,Maharashtra
380,Suzanne Green,Neurologist,Jones PLC Hospital,Pune,Maharashtra
381,Jennifer Rodriguez,Orthopedic,Carter-Kaufman Hospital,Hyderabad,Telangana
382,David Padilla,Neurologist,Roth-Lowery Hospital,Mumbai,Maharashtra
383,Mario Williams,General Physician,Wiggins Group Hospital,Pune,Maharashtra
384,Amy Johnson,General Physician,"Collins, Calhoun and Eaton Hospital",Chennai,Tamil Nadu
385,Juan Gomez,General Physician,Nelson Group Hospital,Delhi,Delhi
386,Rachel Barry,Neurologist,Hawkins-King Hospital,Pune,Maharashtra
387,Allen Stafford,Gynecologist,Cline-Johnson Hospital,Hyderabad,Telangana
388,Stephanie Foster,Dermatologist,"Cervantes, Lee and Pham Hospital",Chennai,Tamil Nadu
389,John Avila,Orthopedic,Hammond-Harmon Hospital,Pune,Maharashtra
390,Diana Chapman,Neurologist,Wolfe-Adams Hospital,Mumbai,Maharashtra
391,Randy Welch,Cardiologist,Harris Ltd Hospital,Hyderabad,Telangana
392,Justin Ellis,Diabetologist,Miller-Duffy Hospital,Hyderabad,Telangana
393,Justin Kim,Diabetologist,Rios-Scott Hospital,Mumbai,Maharashtra
394,Allison Jenkins,Gynecologist,"Benson, Mckenzie and Morris Hospital",Bangalore,Karnataka
395,Travis Parrish,Orthopedic,"Davis, Williams and Hahn Hospital",Pune,Maharashtra
396,Robert Reese,Diabetologist,Williams PLC Hospital,Chennai,Tamil Nadu
397,Ryan Sanchez,Diabetologist,"Kennedy, Hill and Harris Hospital",Mumbai,Maharashtra
398,Mark Turner,General Physician,"Davis, Wilson and Nelson Hospital",Bangalore,Karnataka
399,Kenneth Barnes,Gynecologist,Guzman-Lewis Hospital,Mumbai,Maharashtra
400,William Novak,Orthopedic,"Miller, Brewer and Rodriguez Hospital",Mumbai,Maharashtra
401,Rebekah Stewart,Gynecologist,Porter PLC Hospital,Delhi,Delhi
402,Jonathan Gaines,Cardiologist,Brady Inc Hospital,Pune,Maharashtra
403,Brian Mitchell,Diabetologist,Dennis PLC Hospital,Chennai,Tamil Nadu
404,Jennifer Martin,General Physician,Garcia-Jackson Hospital,Chennai,Tamil Nadu
405,Eric Lucas,Orthopedic,Spears Ltd Hospital,Bangalore,Karnataka
406,Kyle Glenn,Orthopedic,"Schmidt, Oneal and Knapp Hospital",Delhi,Delhi
407,Andrew Franco,Neurologist,Stanton-Mathis Hospital,Bangalore,Karnataka
408,Allison Green,General Physician,Hamilton-Williamson Hospital,Mumbai,Maharashtra
409,Amy Blair,Neurologist,"Oconnell, Rodriguez and Price Hospital",Mumbai,Maharashtra
410,Bianca Palmer,Cardiologist,Acosta-Chung Hospital,Pune,Maharashtra
411,George Bradley PhD,Orthopedic,"Key, White and Alexander Hospital",Chennai,Tamil Nadu
412,Melissa Harris,Orthopedic,Keith-Flynn Hospital,Mumbai,Maharashtra
413,Brandon Duran,Diabetologist,Klein PLC Hospital,Hyderabad,Telangana
414,Brittney Knight,Dermatologist,Miller Group Hospital,Chennai,Tamil Nadu
415,Beverly Scott,Dermatologist,Shields LLC Hospital,Hyderabad,Telangana
416,Tyrone Lynch,Diabetologist,Bennett LLC Hospital,Chennai,Tamil Nadu
417,Kari Smith,Neurologist,Paul PLC Hospital,Delhi,Delhi
418,Robert Golden,Gynecologist,Macias Ltd Hospital,Hyderabad,Telangana
419,Stephanie Garcia,General Physician,Craig-Vaughn Hospital,Hyderabad,Telangana
420,Connor Owen,Cardiologist,Anderson-Hamilton Hospital,Mumbai,Maharashtra
421,Jimmy Adams,Neurologist,"Fletcher, Meyer and Jackson Hospital",Chennai,Tamil Nadu
422,Dr. Kayla Turner,Orthopedic,Hill Ltd Hospital,Mumbai,Maharashtra
423,Adrienne Strong,Gynecologist,"Moyer, Cruz and Tucker Hospital",Hyderabad,Telangana
424,Glenn Vega,Gynecologist,Hernandez and Sons Hospital,Delhi,Delhi
425,Derrick Smith,Neurologist,Gonzalez-Harper Hospital,Bangalore,Karnataka
426,Kayla Lewis,Neurologist,Reyes and Sons Hospital,Bangalore,Karnataka
427,Ian Vang,Neurologist,"Martinez, Morgan and Johnson Hospital",Hyderabad,Telangana
428,Kaylee Thomas,Neurologist,Riley-Russo Hospital,Hyderabad,Telangana
429,Jennifer Price,Diabetologist,Knight-Chapman Hospital,Bangalore,Karnataka
430,Elizabeth Miller,Diabetologist,Allen Inc Hospital,Chennai,Tamil Nadu
431,Steven Price,Neurologist,Murphy Inc Hospital,Chennai,Tamil Nadu
432,Ann Fisher,Dermatologist,"Garza, Woods and Frazier Hospital",Chennai,Tamil Nadu
433,Meghan Fitzgerald,Gynecologist,Mendoza-Lopez Hospital,Pune,Maharashtra
434,Kimberly Nielsen,Dermatologist,Shaw-Myers Hospital,Hyderabad,Telangana
435,Juan Nunez,Neurologist,Woods Ltd Hospital,Mumbai,Maharashtra
436,Alexis Brown,Dermatologist,Hunter-Rosario Hospital,Chennai,Tamil Nadu
437,Matthew Clark,Neurologist,Bell-Roman Hospital,Bangalore,Karnataka
438,Terry Sharp,Gynecologist,"Green, Mueller and Stokes Hospital",Pune,Maharashtra
439,Joshua Baker,Gynecologist,Thompson PLC Hospital,Bangalore,Karnataka
440,Travis Kelly,Diabetologist,Zimmerman and Sons Hospital,Hyderabad,Telangana
441,Colleen Curtis,General Physician,Peterson-Santiago Hospital,Mumbai,Maharashtra
442,Jacob Solis,Orthopedic,Gross-Hall Hospital,Delhi,Delhi
443,Brittany Fitzgerald,Diabetologist,"Peterson, Schmidt and Fleming Hospital",Hyderabad,Telangana
444,Kimberly Haynes,Diabetologist,Brown-Rodriguez Hospital,Bangalore,Karnataka
445,Larry Cross,General Physician,"Gay, Scott and Meyer Hospital",Chennai,Tamil Nadu
446,Jonathan Grant,Neurologist,"Klein, Scott and Stephens Hospital",Pune,Maharashtra
447,Elizabeth Mcdowell,Diabetologist,"Baker, Townsend and Brady Hospital",Pune,Maharashtra
448,Miss Kathy Cook,Gynecologist,"Mendez, Bell and Bennett Hospital",Bangalore,Karnataka
449,Priscilla Price,Dermatologist,"Riddle, Kelly and Wilson Hospital",Chennai,Tamil Nadu
450,Sally Harrison,General Physician,Cantu-Wells Hospital,Chennai,Tamil Nadu
451,Theresa Hudson,Cardiologist,Smith Ltd Hospital,Delhi,Delhi
452,Thomas Short,General Physician,"Rivera, Porter and Villa Hospital",Hyderabad,Telangana
453,Steven Williams,Orthopedic,Griffin-Hall Hospital,Pune,Maharashtra
454,Dr. Jeffrey Jones,Diabetologist,"Cook, Williams and Johnson Hospital",Bangalore,Karnataka
455,Connie Ward,Neurologist,"Ortiz, Webster and Murillo Hospital",Chennai,Tamil Nadu
456,Jordan Jones,Diabetologist,Jackson Group Hospital,Bangalore,Karnataka
457,Michael Soto,Cardiologist,Brown Ltd Hospital,Delhi,Delhi
458,Sherry Holmes,Diabetologist,Payne and Sons Hospital,Mumbai,Maharashtra
459,William Peterson,Diabetologist,Gardner Ltd Hospital,Pune,Maharashtra
460,Anthony Tucker,General Physician,Pineda LLC Hospital,Delhi,Delhi
461,Kevin Zimmerman,Dermatologist,White-Powell Hospital,Bangalore,Karnataka
462,Scott Daniels,Neurologist,Porter-Rivera Hospital,Bangalore,Karnataka
463,Joseph Wright,Cardiologist,"Rivera, Jones and Alvarez Hospital",Hyderabad,Telangana
464,Ryan Parsons,Dermatologist,Miller Group Hospital,Bangalore,Karnataka
465,Peter Campbell,Cardiologist,Mclean Ltd Hospital,Bangalore,Karnataka
466,Susan Brown,Dermatologist,Cruz Inc Hospital,Bangalore,Karnataka
467,Daniel Rush,Orthopedic,Myers-Rodriguez Hospital,Chennai,Tamil Nadu
468,Natasha Garcia,Orthopedic,Johnson-Smith Hospital,Chennai,Tamil Nadu
469,Danielle Bray,Gynecologist,Turner-Miller Hospital,Hyderabad,Telangana
470,Amanda Mitchell,General Physician,Woods-Martinez Hospital,Delhi,Delhi
471,Amanda Lowery,General Physician,Sullivan-Fisher Hospital,Chennai,Tamil Nadu
472,Jacob Steele,General Physician,"Davis, Gonzales and Richard Hospital",Pune,Maharashtra
473,Stacy Henderson,General Physician,Cooper Group Hospital,Mumbai,Maharashtra
474,Steven Hayes,General Physician,Jones-Middleton Hospital,Mumbai,Maharashtra
475,Tonya Hopkins,Diabetologist,Adams PLC Hospital,Hyderabad,Telangana
476,Raven Smith,General Physician,"Parker, Mcfarland and Kelly Hospital",Hyderabad,Telangana
477,Michael Wagner,General Physician,"Lee, Clark and Graham Hospital",Delhi,Delhi
478,Christina George,Dermatologist,"Evans, Singleton and Murray Hospital",Mumbai,Maharashtra
479,Mrs. Alicia Patel,Cardiologist,Peterson Group Hospital,Mumbai,Maharashtra
480,Lauren Wright,General Physician,"Mccarthy, Kane and Carpenter Hospital",Delhi,Delhi
481,Eric King,General Physician,"Knight, Harris and Kemp Hospital",Hyderabad,Telangana
482,Mary Buck,Orthopedic,"Doyle, Padilla and Campbell Hospital",Chennai,Tamil Nadu
483,Alan Kaiser,Dermatologist,Wade and Sons Hospital,Bangalore,Karnataka
484,Alyssa Cowan,Neurologist,"Miller, Gonzales and Glenn Hospital",Pune,Maharashtra
485,Amanda Jones,Diabetologist,Turner-Williams Hospital,Bangalore,Karnataka
486,Joe Myers,Gynecologist,"Mccarthy, Chavez and Williams Hospital",Chennai,Tamil Nadu
487,Jessica Morgan,Dermatologist,Walker-Kelly Hospital,Chennai,Tamil Nadu
488,Denise Alvarez,General Physician,Montgomery LLC Hospital,Bangalore,Karnataka
489,Christie Marquez,Diabetologist,Bell-Gray Hospital,Delhi,Delhi
490,Nicholas Perez,Neurologist,Hoffman-Gordon Hospital,Pune,Maharashtra
491,Deborah Frank,Diabetologist,Simmons-Keller Hospital,Delhi,Delhi
492,Brittany Buckley,Neurologist,Rodriguez-Holt Hospital,Mumbai,Maharashtra
493,Meredith Reyes,General Physician,"Wolfe, Thomas and Hardy Hospital",Delhi,Delhi
494,Shawn Brooks,Diabetologist,Graham and Sons Hospital,Delhi,Delhi
495,Jason Sanchez,Cardiologist,Daniels-Ross Hospital,Bangalore,Karnataka
496,Pamela Henry,Neurologist,Ochoa-Jones Hospital,Delhi,Delhi
497,Frank Lamb,Neurologist,"Thomas, Jensen and Williamson Hospital",Bangalore,Karnataka
498,Joy Hall,Orthopedic,Ramsey Group Hospital,Pune,Maharashtra
499,Marvin Hill,Diabetologist,York-Smith Hospital,Hyderabad,Telangana
500,Vincent Barker,Gynecologist,Castillo LLC Hospital,Hyderabad,Telangana
