mr_id,mr_name,region,experience_years,joining_date
1,Erica Nichols,Mumbai,4,2023-03-23
2,Anita Baker,Bangalore,13,2016-11-13
3,Debbie Johns,Delhi,2,2019-09-17
4,Amanda Torres,Delhi,14,2019-10-25
5,Tina Scott,Mumbai,1,2016-10-14
6,David Hardin,Mumbai,3,2022-12-04
7,Mary Frazier,Mumbai,11,2026-05-03
8,Michael Martinez,Pune,11,2017-08-25
9,Kristin Cross,Chennai,13,2019-12-29
10,Haley Martinez,Bangalore,4,2021-01-07
11,Andrew Hooper,Hyderabad,4,2018-09-11
12,Jennifer Kane,Delhi,6,2026-01-15
13,Melissa Edwards,Chennai,3,2019-12-11
14,Amy Fletcher,Delhi,9,2020-12-27
15,Shane Lopez,Chennai,3,2016-06-15
16,Melinda Ritter,Hyderabad,1,2025-06-23
17,Tracey Tapia,Mumbai,6,2020-08-13
18,Suzanne Waters,Pune,2,2023-03-17
19,Christopher Peters,Delhi,11,2026-01-28
20,Anita Williams,Chennai,13,2023-06-24
21,Antonio Walker,Chennai,8,2023-11-03
22,Donna Ho,Bangalore,7,2025-07-16
23,Steven Ryan,Bangalore,11,2023-01-13
24,Paul Newton,Pune,12,2025-03-29
25,Susan Ruiz,Delhi,13,2019-07-08
26,Tanya Harrison,Pune,13,2024-02-08
27,Jessica Miller,Mumbai,5,2023-11-22
28,Amy King,Hyderabad,12,2017-05-27
29,Holly Sutton,Hyderabad,4,2022-07-08
30,Denise Moore,Chennai,12,2020-05-12
31,Andrew Cervantes,Delhi,9,2023-12-02
32,Lawrence Olson DDS,Bangalore,6,2023-05-18
33,Jason Landry,Bangalore,12,2021-01-01
34,Tracy Ruiz,Hyderabad,4,2020-04-10
35,Traci Evans,Chennai,8,2019-07-15
36,Richard Rodriguez,Chennai,4,2023-08-02
37,Jessica Johnson,Bangalore,8,2023-05-01
38,Todd Dudley,Mumbai,4,2024-04-25
39,Micheal Johnson,Bangalore,9,2023-09-21
40,Chad Coleman,Chennai,7,2022-07-10
41,Jamie Molina,Delhi,10,2025-02-11
42,Bob Walker,Pune,1,2020-01-10
43,Jessica Petersen,Chennai,14,2023-11-06
44,Samantha Green,Chennai,5,2026-01-25
45,Paul Trevino,Chennai,9,2025-07-20
46,David Rose,Chennai,1,2021-04-26
47,Samantha Poole,Delhi,10,2016-06-18
48,Amy Webb,Delhi,4,2023-12-13
49,Jacob Mitchell,Delhi,8,2023-11-27
50,Ashley Robinson,Chennai,7,2025-05-17
51,Michael Cobb,Hyderabad,5,2018-09-13
52,Tamara Garner,Delhi,4,2019-02-15
53,Rachel Moore,Bangalore,15,2023-06-19
54,Andrew Lester,Bangalore,10,2020-09-27
55,Kelly Horton,Hyderabad,1,2024-01-02
56,Hunter Bell,Pune,5,2024-07-28
57,Alison Martin,Bangalore,10,2026-05-29
58,Nicole Edwards,Hyderabad,8,2019-11-15
59,Joseph Summers,Delhi,13,2017-06-21
60,Jennifer Henry,Delhi,7,2017-10-07
61,Mr. David King,Mumbai,9,2022-12-12
62,Cynthia Myers,Chennai,9,2025-08-23
63,Danielle Barajas,Pune,1,2025-12-18
64,Jessica Duncan,Delhi,11,2025-02-23
65,Amber Strong,Delhi,9,2024-05-17
66,Mark Ward,Chennai,5,2018-03-22
67,Jeffrey Nelson,Hyderabad,7,2020-03-15
68,Shannon Callahan,Chennai,4,2018-05-29
69,Jane Garza,Pune,12,2023-02-25
70,Donna Charles,Bangalore,6,2018-11-13
71,Miss Cassandra Spencer,Mumbai,4,2016-10-23
72,Raymond Wilson,Bangalore,2,2021-12-02
73,Andrea Thomas,Chennai,11,2022-05-25
74,Annette Shah,Bangalore,11,2026-01-23
75,Dawn Rose,Delhi,1,2023-10-08
76,Sarah Green,Bangalore,15,2026-02-02
77,William Rodriguez,Bangalore,12,2021-06-28
78,Mrs. Kimberly Morales MD,Delhi,15,2024-03-27
79,Denise Mcdonald,Mumbai,2,2019-07-25
80,Karen Bell,Chennai,15,2025-04-28
81,Zachary Harris,Hyderabad,10,2023-06-27
82,Sandra Herrera,Hyderabad,7,2024-06-25
83,Lisa Barber,Pune,8,2024-06-15
84,Cassandra Anderson,Bangalore,3,2021-08-06
85,Sara Cline,Delhi,3,2025-02-02
86,Rita Castillo,Pune,6,2022-03-12
87,Michael Smith,Chennai,5,2017-05-07
88,Amanda Black,Delhi,15,2024-03-08
89,Sonya Lee,Bangalore,14,2021-10-11
90,Christina Webb,Delhi,1,2024-12-24
91,Diana Smith,Hyderabad,6,2022-05-30
92,John Williams,Mumbai,6,2019-12-22
93,Miranda Trujillo,Hyderabad,4,2023-08-13
94,David Hartman,Pune,13,2021-06-26
95,James Spencer,Pune,4,2026-03-23
96,Kirk Shah,Hyderabad,14,2020-02-14
97,Andrew Robinson,Delhi,4,2022-04-13
98,Paige Williams,Delhi,14,2017-08-23
99,Julia Martinez,Hyderabad,2,2024-10-24
100,Hannah Green,Hyderabad,9,2022-05-20
